"Instance","Action","Result"
"TestStatus_0_1","Start","True"
"TestStatus_0_1","_getStatus","True"
"TestStatus_0_1","_getStatus","True"
"TestStatus_0_1","_getStatus","True"
"TestDocument_0_0","Start","True"
"TestDocument_0_0","Stop","True"
"TestStatus_0_1","_getStatus","True"
"TestStatus_0_1","_getStatus","True"
"TestDataset_0_0","Start","True"
"TestDataset_0_0","_listAllDataset","True"
"TestStatus_0_1","_getStatus","True"
"TestDataset_0_0","_getDataset","True"
"TestDataset_0_0","_listAllDataset","True"
"TestDataset_0_0","_renameDataset","True"
"TestStatus_0_1","_getStatus","True"
"TestDataset_0_0","_getDataset","True"
"TestDataset_0_0","_renameDataset","True"
"TestStatus_0_1","_getStatus","True"
"TestDataset_0_0","_renameDataset","True"
"TestStatus_0_0","Start","True"
"TestStatus_0_0","_getStatus","True"
"TestStatus_0_1","_getStatus","True"
"TestStatus_0_1","_getStatus","True"
"TestStatus_0_1","Stop","True"
"TestDataset_0_0","_getDataset","True"
"TestDataset_0_0","_listAllDataset","True"
"TestStatus_0_0","_getStatus","True"
"TestStatus_0_0","_getStatus","True"
"TestStatus_0_0","_getStatus","True"
"TestDataset_0_0","Stop","True"
"TestStatus_0_2","Start","True"
"TestStatus_0_2","_getStatus","True"
"TestStatus_0_2","_getStatus","True"
"TestStatus_0_2","_getStatus","True"
"TestStatus_0_0","_getStatus","True"
"TestStatus_0_0","_getStatus","True"
"TestStatus_0_0","_getStatus","True"
"TestStatus_0_0","_getStatus","True"
"TestStatus_0_0","_getStatus","True"
"TestStatus_0_2","_getStatus","True"
"TestStatus_0_0","_getStatus","True"
"TestStatus_0_2","_getStatus","True"
"TestStatus_0_2","_getStatus","True"
"TestStatus_0_2","_getStatus","True"
"TestStatus_0_2","_getStatus","True"
"TestStatus_0_2","_getStatus","True"
"TestStatus_0_2","_getStatus","True"
"TestStatus_0_2","Stop","True"
"TestStatus_0_0","Stop","True"
